{
  "rasa_nlu_data": {
    "common_examples": [
      {
        "text": "Hello",
        "intent": "greet",
        "entities": []
      },
      {
        "text": "goodbye",
        "intent": "goodbye",
        "entities": []
      },
      {
        "text": "I'd like to buy a shoe",
        "intent": "inform",
        "entities": [
          {
            "start": 18,
            "end": 22,
            "value": "shoe",
            "entity": "Product"
          }
        ]
      },
      {
        "text": "Hey",
        "intent": "greet",
        "entities": []
      },
      {
        "text": "hi",
        "intent": "greet",
        "entities": []
      },
      {
        "text": "later",
        "intent": "goodbye",
        "entities": []
      },
      {
        "text": "bye",
        "intent": "goodbye",
        "entities": []
      },
      {
        "text": "bye bye",
        "intent": "goodbye",
        "entities": []
      },
      {
        "text": "I want to order a shoe",
        "intent": "inform",
        "entities": [
          {
            "start": 18,
            "end": 22,
            "value": "shoe",
            "entity": "Product"
          }
        ]
      },
      {
        "text": "do you have a black shoe?",
        "intent": "inform",
        "entities": [
          {
            "start": 14,
            "end": 19,
            "value": "black",
            "entity": "color"
          },
          {
            "start": 20,
            "end": 24,
            "value": "shoe",
            "entity": "Product"
          }
        ]
      },
      {
        "text": "I want to order a shoe size 42",
        "intent": "inform",
        "entities": [
          {
            "start": 18,
            "end": 22,
            "value": "shoe",
            "entity": "Product"
          },
          {
            "start": 23,
            "end": 30,
            "value": "size 42",
            "entity": "Size"
          }
        ]
      },
      {
        "text": "What products do you have?",
        "intent": "inform",
        "entities": [
          {
            "start": 5,
            "end": 13,
            "value": "products",
            "entity": "Product"
          }
        ]
      },
      {
        "text": "blue",
        "intent": "inform",
        "entities": [
          {
            "start": 0,
            "end": 4,
            "value": "blue",
            "entity": "Color"
          }
        ]
      },
      {
        "text": "size 39",
        "intent": "inform",
        "entities": [
          {
            "start": 0,
            "end": 7,
            "value": "size 39",
            "entity": "Size"
          }
        ]
      },
      {
        "text": "I want to buy a shoe",
        "intent": "inform",
        "entities": []
      }
    ]
  }
}